{
  "project_info": {
    "project_number": "502575131900",
    "project_id": "test-project-abd7e",
    "storage_bucket": "test-project-abd7e.appspot.com"
  },
  "client": [
    {
      "client_info": {
        "mobilesdk_app_id": "1:502575131900:android:3e3456ba3cfbcc4739bb79",
        "android_client_info": {
          "package_name": "com.example.sample"
        }
      },
      "oauth_client": [
        {
          "client_id": "502575131900-e74571bqpmoq82ir95egahec2m7mbdq5.apps.googleusercontent.com",
          "client_type": 3
        }
      ],
      "api_key": [
        {
          "current_key": "AIzaSyBMHLxdtBrI_qybDaOE1voIHaqQyEyMI3Q"
        }
      ],
      "services": {
        "appinvite_service": {
          "other_platform_oauth_client": [
            {
              "client_id": "502575131900-e74571bqpmoq82ir95egahec2m7mbdq5.apps.googleusercontent.com",
              "client_type": 3
            }
          ]
        }
      }
    }
  ],
  "configuration_version": "1"
}